<?xml version="1.0" encoding="UTF-8"?><?xml-stylesheet type='text/xsl' href='_UpgradeReport_Files/UpgradeReport.xslt'?><UpgradeLog>
<Properties><Property Name="Solution" Value="ExecuteReader">
</Property><Property Name="Solution File" Value="P:\Business, Hospitality &amp; Information Technology\Computer Information Systems\Affholter\CIS258\ADO\ExecuteReader\ExecuteReader.sln">
</Property><Property Name="User Options File" Value="P:\Business, Hospitality &amp; Information Technology\Computer Information Systems\Affholter\CIS258\ADO\ExecuteReader\ExecuteReader.suo">
</Property><Property Name="Date" Value="Wednesday, May 30, 2012">
</Property><Property Name="Time" Value="10:24 AM">
</Property></Properties><Event ErrorLevel="0" Project="" Source="ExecuteReader.sln" Description="File successfully backed up as P:\Business, Hospitality &amp; Information Technology\Computer Information Systems\Affholter\CIS258\ADO\ExecuteReader\Backup\ExecuteReader.sln">
</Event><Event ErrorLevel="0" Project="" Source="ExecuteReader.suo" Description="File successfully backed up as P:\Business, Hospitality &amp; Information Technology\Computer Information Systems\Affholter\CIS258\ADO\ExecuteReader\Backup\ExecuteReader.suo">
</Event><Event ErrorLevel="0" Project="ExecuteReader" Source="CommandObject\ExecuteReader.csproj" Description="Project file successfully backed up as P:\Business, Hospitality &amp; Information Technology\Computer Information Systems\Affholter\CIS258\ADO\ExecuteReader\Backup\CommandObject\ExecuteReader.csproj">
</Event><Event ErrorLevel="0" Project="ExecuteReader" Source="CommandObject\ExecuteReader.cs" Description="File successfully backed up as P:\Business, Hospitality &amp; Information Technology\Computer Information Systems\Affholter\CIS258\ADO\ExecuteReader\Backup\CommandObject\ExecuteReader.cs">
</Event><Event ErrorLevel="0" Project="ExecuteReader" Source="CommandObject\ExecuteReader.Designer.cs" Description="File successfully backed up as P:\Business, Hospitality &amp; Information Technology\Computer Information Systems\Affholter\CIS258\ADO\ExecuteReader\Backup\CommandObject\ExecuteReader.Designer.cs">
</Event><Event ErrorLevel="0" Project="ExecuteReader" Source="CommandObject\Program.cs" Description="File successfully backed up as P:\Business, Hospitality &amp; Information Technology\Computer Information Systems\Affholter\CIS258\ADO\ExecuteReader\Backup\CommandObject\Program.cs">
</Event><Event ErrorLevel="0" Project="ExecuteReader" Source="CommandObject\Properties\AssemblyInfo.cs" Description="File successfully backed up as P:\Business, Hospitality &amp; Information Technology\Computer Information Systems\Affholter\CIS258\ADO\ExecuteReader\Backup\CommandObject\Properties\AssemblyInfo.cs">
</Event><Event ErrorLevel="0" Project="ExecuteReader" Source="CommandObject\Properties\Resources.Designer.cs" Description="File successfully backed up as P:\Business, Hospitality &amp; Information Technology\Computer Information Systems\Affholter\CIS258\ADO\ExecuteReader\Backup\CommandObject\Properties\Resources.Designer.cs">
</Event><Event ErrorLevel="0" Project="ExecuteReader" Source="CommandObject\Properties\Settings.Designer.cs" Description="File successfully backed up as P:\Business, Hospitality &amp; Information Technology\Computer Information Systems\Affholter\CIS258\ADO\ExecuteReader\Backup\CommandObject\Properties\Settings.Designer.cs">
</Event><Event ErrorLevel="0" Project="ExecuteReader" Source="CommandObject\Properties\Settings.settings" Description="File successfully backed up as P:\Business, Hospitality &amp; Information Technology\Computer Information Systems\Affholter\CIS258\ADO\ExecuteReader\Backup\CommandObject\Properties\Settings.settings">
</Event><Event ErrorLevel="0" Project="ExecuteReader" Source="CommandObject\ExecuteReader.resx" Description="File successfully backed up as P:\Business, Hospitality &amp; Information Technology\Computer Information Systems\Affholter\CIS258\ADO\ExecuteReader\Backup\CommandObject\ExecuteReader.resx">
</Event><Event ErrorLevel="0" Project="ExecuteReader" Source="CommandObject\Properties\Resources.resx" Description="File successfully backed up as P:\Business, Hospitality &amp; Information Technology\Computer Information Systems\Affholter\CIS258\ADO\ExecuteReader\Backup\CommandObject\Properties\Resources.resx">
</Event><Event ErrorLevel="1" Project="ExecuteReader" Source="CommandObject\ExecuteReader.csproj" Description="Your project is targeting .NET Framework 2.0 or 3.0. If your project uses assemblies requiring a newer .NET Framework, your project will fail to build. You can change the .NET Framework version by clicking Properties on the project menu and then selecting a new version in the '.NET Framework' dropdown box. (In Visual Basic, this is located on the Compile tab by clicking the 'Advanced Compiler Options...' button.)">
</Event><Event ErrorLevel="0" Project="ExecuteReader" Source="CommandObject\ExecuteReader.csproj" Description="Project converted successfully">
</Event><Event ErrorLevel="3" Project="ExecuteReader" Source="CommandObject\ExecuteReader.csproj" Description="Converted">
</Event><Event ErrorLevel="0" Project="" Source="ExecuteReader.sln" Description="Solution converted successfully">
</Event><Event ErrorLevel="3" Project="" Source="ExecuteReader.sln" Description="Converted">
</Event><Event ErrorLevel="0" Project="ExecuteReader" Source="CommandObject\ExecuteReader.csproj" Description="Scan complete: Upgrade not required for project files.">
</Event></UpgradeLog>