<?xml version="1.0" encoding="UTF-8"?><?xml-stylesheet type='text/xsl' href='_UpgradeReport_Files/UpgradeReport.xslt'?><UpgradeLog>
<Properties><Property Name="Solution" Value="ExecuteNonQuery">
</Property><Property Name="Solution File" Value="P:\Business, Hospitality &amp; Information Technology\Computer Information Systems\Affholter\ADO\ExecuteNonQuerywDelete\ExecuteNonQuery.sln">
</Property><Property Name="Date" Value="Tuesday, November 19, 2013">
</Property><Property Name="Time" Value="11:48 AM">
</Property></Properties><Event ErrorLevel="1" Project="ExecuteNonQuery" Source="ExecuteNonQuery\ExecuteNonQuery.csproj" Description="Your project is targeting .NET Framework 2.0 or 3.0. If your project uses assemblies requiring a newer .NET Framework, your project will fail to build. You can change the .NET Framework version by clicking Properties on the project menu and then selecting a new version in the '.NET Framework' dropdown box. (In Visual Basic, this is located on the Compile tab by clicking the 'Advanced Compiler Options...' button.)">
</Event><Event ErrorLevel="0" Project="ExecuteNonQuery" Source="ExecuteNonQuery\ExecuteNonQuery.csproj" Description="Project converted successfully">
</Event><Event ErrorLevel="3" Project="ExecuteNonQuery" Source="ExecuteNonQuery\ExecuteNonQuery.csproj" Description="Converted">
</Event><Event ErrorLevel="0" Project="" Source="ExecuteNonQuery.sln" Description="Solution converted successfully">
</Event><Event ErrorLevel="3" Project="" Source="ExecuteNonQuery.sln" Description="Converted">
</Event><Event ErrorLevel="0" Project="ExecuteNonQuery" Source="ExecuteNonQuery\ExecuteNonQuery.csproj" Description="Scan complete: Upgrade not required for project files.">
</Event></UpgradeLog>