<?xml version="1.0" encoding="UTF-8"?><?xml-stylesheet type='text/xsl' href='_UpgradeReport_Files/UpgradeReport.xslt'?><UpgradeLog>
<Properties><Property Name="Solution" Value="CommandObject">
</Property><Property Name="Solution File" Value="P:\Business, Hospitality &amp; Information Technology\Computer Information Systems\Affholter\CIS258\ADO\CommandObject\CommandObject.sln">
</Property><Property Name="Date" Value="Tuesday, May 04, 2010">
</Property><Property Name="Time" Value="8:17 AM">
</Property></Properties><Event ErrorLevel="0" Project="CommandObject" Source="CommandObject\CommandObject.csproj" Description="Project converted successfully">
</Event><Event ErrorLevel="3" Project="CommandObject" Source="CommandObject\CommandObject.csproj" Description="Converted">
</Event><Event ErrorLevel="0" Project="" Source="CommandObject.sln" Description="Solution converted successfully">
</Event><Event ErrorLevel="3" Project="" Source="CommandObject.sln" Description="Converted">
</Event><Event ErrorLevel="0" Project="CommandObject" Source="CommandObject\CommandObject.csproj" Description="Scan complete: Upgrade not required for project files.">
</Event></UpgradeLog>