<?xml version="1.0" encoding="UTF-8"?><?xml-stylesheet type='text/xsl' href='_UpgradeReport_Files/UpgradeReport.xslt'?><UpgradeLog>
<Properties><Property Name="Solution" Value="ExecuteNonQuery">
</Property><Property Name="Solution File" Value="P:\Business, Hospitality &amp; Information Technology\Computer Information Systems\Affholter\CIS258\ADO\ExecuteNonQuery\ExecuteNonQuery.sln">
</Property><Property Name="User Options File" Value="P:\Business, Hospitality &amp; Information Technology\Computer Information Systems\Affholter\CIS258\ADO\ExecuteNonQuery\ExecuteNonQuery.suo">
</Property><Property Name="Date" Value="Wednesday, December 01, 2010">
</Property><Property Name="Time" Value="10:06 AM">
</Property></Properties><Event ErrorLevel="0" Project="" Source="ExecuteNonQuery.sln" Description="File successfully backed up as P:\Business, Hospitality &amp; Information Technology\Computer Information Systems\Affholter\CIS258\ADO\ExecuteNonQuery\Backup\ExecuteNonQuery.sln">
</Event><Event ErrorLevel="0" Project="" Source="ExecuteNonQuery.suo" Description="File successfully backed up as P:\Business, Hospitality &amp; Information Technology\Computer Information Systems\Affholter\CIS258\ADO\ExecuteNonQuery\Backup\ExecuteNonQuery.suo">
</Event><Event ErrorLevel="0" Project="ExecuteNonQuery" Source="ExecuteNonQuery\ExecuteNonQuery.csproj" Description="Project file successfully backed up as P:\Business, Hospitality &amp; Information Technology\Computer Information Systems\Affholter\CIS258\ADO\ExecuteNonQuery\Backup\ExecuteNonQuery\ExecuteNonQuery.csproj">
</Event><Event ErrorLevel="0" Project="ExecuteNonQuery" Source="ExecuteNonQuery\ExecuteNonQuery.cs" Description="File successfully backed up as P:\Business, Hospitality &amp; Information Technology\Computer Information Systems\Affholter\CIS258\ADO\ExecuteNonQuery\Backup\ExecuteNonQuery\ExecuteNonQuery.cs">
</Event><Event ErrorLevel="0" Project="ExecuteNonQuery" Source="ExecuteNonQuery\ExecuteNonQuery.Designer.cs" Description="File successfully backed up as P:\Business, Hospitality &amp; Information Technology\Computer Information Systems\Affholter\CIS258\ADO\ExecuteNonQuery\Backup\ExecuteNonQuery\ExecuteNonQuery.Designer.cs">
</Event><Event ErrorLevel="0" Project="ExecuteNonQuery" Source="ExecuteNonQuery\Program.cs" Description="File successfully backed up as P:\Business, Hospitality &amp; Information Technology\Computer Information Systems\Affholter\CIS258\ADO\ExecuteNonQuery\Backup\ExecuteNonQuery\Program.cs">
</Event><Event ErrorLevel="0" Project="ExecuteNonQuery" Source="ExecuteNonQuery\Properties\AssemblyInfo.cs" Description="File successfully backed up as P:\Business, Hospitality &amp; Information Technology\Computer Information Systems\Affholter\CIS258\ADO\ExecuteNonQuery\Backup\ExecuteNonQuery\Properties\AssemblyInfo.cs">
</Event><Event ErrorLevel="0" Project="ExecuteNonQuery" Source="ExecuteNonQuery\Properties\Resources.Designer.cs" Description="File successfully backed up as P:\Business, Hospitality &amp; Information Technology\Computer Information Systems\Affholter\CIS258\ADO\ExecuteNonQuery\Backup\ExecuteNonQuery\Properties\Resources.Designer.cs">
</Event><Event ErrorLevel="0" Project="ExecuteNonQuery" Source="ExecuteNonQuery\Properties\Settings.Designer.cs" Description="File successfully backed up as P:\Business, Hospitality &amp; Information Technology\Computer Information Systems\Affholter\CIS258\ADO\ExecuteNonQuery\Backup\ExecuteNonQuery\Properties\Settings.Designer.cs">
</Event><Event ErrorLevel="0" Project="ExecuteNonQuery" Source="ExecuteNonQuery\Properties\Settings.settings" Description="File successfully backed up as P:\Business, Hospitality &amp; Information Technology\Computer Information Systems\Affholter\CIS258\ADO\ExecuteNonQuery\Backup\ExecuteNonQuery\Properties\Settings.settings">
</Event><Event ErrorLevel="0" Project="ExecuteNonQuery" Source="ExecuteNonQuery\ExecuteNonQuery.resx" Description="File successfully backed up as P:\Business, Hospitality &amp; Information Technology\Computer Information Systems\Affholter\CIS258\ADO\ExecuteNonQuery\Backup\ExecuteNonQuery\ExecuteNonQuery.resx">
</Event><Event ErrorLevel="0" Project="ExecuteNonQuery" Source="ExecuteNonQuery\Properties\Resources.resx" Description="File successfully backed up as P:\Business, Hospitality &amp; Information Technology\Computer Information Systems\Affholter\CIS258\ADO\ExecuteNonQuery\Backup\ExecuteNonQuery\Properties\Resources.resx">
</Event><Event ErrorLevel="1" Project="ExecuteNonQuery" Source="ExecuteNonQuery\ExecuteNonQuery.csproj" Description="Your project is targeting .NET Framework 2.0 or 3.0. If your project uses assemblies requiring a newer .NET Framework, your project will fail to build. You can change the .NET Framework version by clicking Properties on the project menu and then selecting a new version in the '.NET Framework' dropdown box. (In Visual Basic, this is located on the Compile tab by clicking the 'Advanced Compiler Options...' button.)">
</Event><Event ErrorLevel="0" Project="ExecuteNonQuery" Source="ExecuteNonQuery\ExecuteNonQuery.csproj" Description="Project converted successfully">
</Event><Event ErrorLevel="3" Project="ExecuteNonQuery" Source="ExecuteNonQuery\ExecuteNonQuery.csproj" Description="Converted">
</Event><Event ErrorLevel="0" Project="" Source="ExecuteNonQuery.sln" Description="Solution converted successfully">
</Event><Event ErrorLevel="3" Project="" Source="ExecuteNonQuery.sln" Description="Converted">
</Event><Event ErrorLevel="0" Project="ExecuteNonQuery" Source="ExecuteNonQuery\ExecuteNonQuery.csproj" Description="Scan complete: Upgrade not required for project files.">
</Event></UpgradeLog>