<?xml version="1.0" encoding="UTF-8"?><?xml-stylesheet type='text/xsl' href='_UpgradeReport_Files/UpgradeReport.xslt'?><UpgradeLog>
<Properties><Property Name="Solution" Value="ConnectionObject">
</Property><Property Name="Solution File" Value="P:\Business, Hospitality &amp; Information Technology\Computer Information Systems\Affholter\CIS258\ADO\ConnectionObject\ConnectionObject.sln">
</Property><Property Name="Date" Value="Thursday, May 06, 2010">
</Property><Property Name="Time" Value="7:46 AM">
</Property></Properties><Event ErrorLevel="0" Project="ConnectionObject" Source="ConnectionObject\ConnectionObject.csproj" Description="Project converted successfully">
</Event><Event ErrorLevel="3" Project="ConnectionObject" Source="ConnectionObject\ConnectionObject.csproj" Description="Converted">
</Event><Event ErrorLevel="0" Project="" Source="ConnectionObject.sln" Description="Solution converted successfully">
</Event><Event ErrorLevel="3" Project="" Source="ConnectionObject.sln" Description="Converted">
</Event><Event ErrorLevel="0" Project="ConnectionObject" Source="ConnectionObject\ConnectionObject.csproj" Description="Scan complete: Upgrade not required for project files.">
</Event></UpgradeLog>