<?xml version="1.0" encoding="UTF-8"?><?xml-stylesheet type='text/xsl' href='_UpgradeReport_Files/UpgradeReport.xslt'?><UpgradeLog>
<Properties><Property Name="Solution" Value="ConnectionObject">
</Property><Property Name="Solution File" Value="P:\Business, Hospitality &amp; Information Technology\Computer Information Systems\Affholter\CIS258\ADO\ConnectionObject\ConnectionObject.sln">
</Property><Property Name="User Options File" Value="P:\Business, Hospitality &amp; Information Technology\Computer Information Systems\Affholter\CIS258\ADO\ConnectionObject\ConnectionObject.suo">
</Property><Property Name="Date" Value="Wednesday, February 16, 2011">
</Property><Property Name="Time" Value="8:02 AM">
</Property><Property Name="Log Number" Value="2">
</Property></Properties><Event ErrorLevel="0" Project="" Source="ConnectionObject.sln" Description="File successfully backed up as P:\Business, Hospitality &amp; Information Technology\Computer Information Systems\Affholter\CIS258\ADO\ConnectionObject\Backup\ConnectionObject.sln">
</Event><Event ErrorLevel="0" Project="" Source="ConnectionObject.suo" Description="File successfully backed up as P:\Business, Hospitality &amp; Information Technology\Computer Information Systems\Affholter\CIS258\ADO\ConnectionObject\Backup\ConnectionObject.suo">
</Event><Event ErrorLevel="0" Project="ConnectionObject" Source="ConnectionObject\ConnectionObject.csproj" Description="Project file successfully backed up as P:\Business, Hospitality &amp; Information Technology\Computer Information Systems\Affholter\CIS258\ADO\ConnectionObject\Backup\ConnectionObject\ConnectionObject.csproj">
</Event><Event ErrorLevel="0" Project="ConnectionObject" Source="ConnectionObject\Form1.cs" Description="File successfully backed up as P:\Business, Hospitality &amp; Information Technology\Computer Information Systems\Affholter\CIS258\ADO\ConnectionObject\Backup\ConnectionObject\Form1.cs">
</Event><Event ErrorLevel="0" Project="ConnectionObject" Source="ConnectionObject\Form1.Designer.cs" Description="File successfully backed up as P:\Business, Hospitality &amp; Information Technology\Computer Information Systems\Affholter\CIS258\ADO\ConnectionObject\Backup\ConnectionObject\Form1.Designer.cs">
</Event><Event ErrorLevel="0" Project="ConnectionObject" Source="ConnectionObject\Program.cs" Description="File successfully backed up as P:\Business, Hospitality &amp; Information Technology\Computer Information Systems\Affholter\CIS258\ADO\ConnectionObject\Backup\ConnectionObject\Program.cs">
</Event><Event ErrorLevel="0" Project="ConnectionObject" Source="ConnectionObject\Properties\AssemblyInfo.cs" Description="File successfully backed up as P:\Business, Hospitality &amp; Information Technology\Computer Information Systems\Affholter\CIS258\ADO\ConnectionObject\Backup\ConnectionObject\Properties\AssemblyInfo.cs">
</Event><Event ErrorLevel="0" Project="ConnectionObject" Source="ConnectionObject\Properties\Resources.Designer.cs" Description="File successfully backed up as P:\Business, Hospitality &amp; Information Technology\Computer Information Systems\Affholter\CIS258\ADO\ConnectionObject\Backup\ConnectionObject\Properties\Resources.Designer.cs">
</Event><Event ErrorLevel="0" Project="ConnectionObject" Source="ConnectionObject\Properties\Settings.Designer.cs" Description="File successfully backed up as P:\Business, Hospitality &amp; Information Technology\Computer Information Systems\Affholter\CIS258\ADO\ConnectionObject\Backup\ConnectionObject\Properties\Settings.Designer.cs">
</Event><Event ErrorLevel="0" Project="ConnectionObject" Source="ConnectionObject\Properties\Settings.settings" Description="File successfully backed up as P:\Business, Hospitality &amp; Information Technology\Computer Information Systems\Affholter\CIS258\ADO\ConnectionObject\Backup\ConnectionObject\Properties\Settings.settings">
</Event><Event ErrorLevel="0" Project="ConnectionObject" Source="ConnectionObject\Form1.resx" Description="File successfully backed up as P:\Business, Hospitality &amp; Information Technology\Computer Information Systems\Affholter\CIS258\ADO\ConnectionObject\Backup\ConnectionObject\Form1.resx">
</Event><Event ErrorLevel="0" Project="ConnectionObject" Source="ConnectionObject\Properties\Resources.resx" Description="File successfully backed up as P:\Business, Hospitality &amp; Information Technology\Computer Information Systems\Affholter\CIS258\ADO\ConnectionObject\Backup\ConnectionObject\Properties\Resources.resx">
</Event><Event ErrorLevel="1" Project="ConnectionObject" Source="ConnectionObject\ConnectionObject.csproj" Description="Your project is targeting .NET Framework 2.0 or 3.0. If your project uses assemblies requiring a newer .NET Framework, your project will fail to build. You can change the .NET Framework version by clicking Properties on the project menu and then selecting a new version in the '.NET Framework' dropdown box. (In Visual Basic, this is located on the Compile tab by clicking the 'Advanced Compiler Options...' button.)">
</Event><Event ErrorLevel="0" Project="ConnectionObject" Source="ConnectionObject\ConnectionObject.csproj" Description="Project converted successfully">
</Event><Event ErrorLevel="3" Project="ConnectionObject" Source="ConnectionObject\ConnectionObject.csproj" Description="Converted">
</Event><Event ErrorLevel="0" Project="" Source="ConnectionObject.sln" Description="Solution converted successfully">
</Event><Event ErrorLevel="3" Project="" Source="ConnectionObject.sln" Description="Converted">
</Event><Event ErrorLevel="0" Project="ConnectionObject" Source="ConnectionObject\ConnectionObject.csproj" Description="Scan complete: Upgrade not required for project files.">
</Event></UpgradeLog>